efficiency_(statistics).txt,efficiency,estimator,eff,estimators,efficient,mr,relative,equality,quality,inefficient,
convergence_of_random_variables.txt,converge,convergence,converges,surely,sequence,almost,rely,proof,implies,most,
consistency_(statistics).txt,items,item,increase,increases,consistency,consistent,consist,grow,property,limited,
analytic_and_enumerative_statistical_studies.txt,enumerative,analytic,distinction,future,study,studies,judgment,distinct,frame,die,
random_variable.txt,valued,random,ando,variable,space,variables,real,cumulative,mass,numbers,
statistical_inference.txt,inference,infer,assumptions,randomized,assumption,frequentist,paradigm,datasets,belief,randomization,
design_of_experiments.txt,design,experiment,designs,experimental,experiments,day,sign,treatments,participant,control,
maximum_likelihood.txt,likelihood,max,maximum,like,estimator,maximize,xi,estimation,density,matrix,
consistent_estimator.txt,consistent,converge,consist,consistency,estimator,converges,sequence,biased,bias,estimators,
parameter_space.txt,space,plane,geometry,dimensions,four,spheres,mens,dimension,plotted,sphere,
entropy_(information_theory).txt,entropy,py,bits,information,inform,format,bit,symbol,source,compression,
completeness_(statistics).txt,complete,completeness,let,sufficient,theorem,expectation,bounded,implication,occurs,parametric,
studentization.txt,dividing,complicates,standardised,bootstrapping,complication,pseudonym,division,cube,resampling,bootstrap,
fisher_consistency.txt,consistency,consistent,consist,estimator,analogue,she,population,desirable,empirical,empiric,
pivotal_quantity.txt,pivot,pivotal,improves,pivots,quantities,normal,norm,correlation,nor,normality,
window_function.txt,window,windows,cosine,rectangular,angular,sine,tang,spectral,frequency,width,
independent_and_identically_distributed_random_variables.txt,exchangeable,exchange,identically,sequence,loaded,signal,unfair,hit,variables,identical,
frequency_(statistics).txt,frequency,frequentists,frequencies,event,events,plotted,histogram,gram,interpretation,occurrence,
galtons_problem.txt,correlation,cultural,autocorrelation,cross,correlations,relation,significance,ross,nth,evolution,
fiducial_inference.txt,fiducial,inference,uniquely,statement,interpretation,infer,interpret,interval,had,attempt,
statistical_manifold.txt,manifold,old,sigma,space,manifolds,coordinate,dimensional,geometry,smooth,moot,
winsorising.txt,percentile,trimming,5th,trimmed,90,rise,outliers,outlier,95,bottom,
bayesian_inference.txt,evidence,posterior,prior,yes,belief,updating,inference,update,rule,infer,
sufficient_statistic.txt,factorization,sufficient,joint,sufficiency,factor,theorem,pdf,density,df,conditional,
efficient_estimator.txt,efficiency,estimator,estimators,eff,mr,equality,criterion,efficient,inequality,quality,
maximum_a_posteriori_estimation.txt,posterior,optimization,prior,simulated,conjugate,derivatives,modal,respective,yes,estimate,
youdens_j_statistic.txt,diagnostic,index,dichotomous,delta,hot,specificity,sensitivity,formed,single,performance,
recursive_partitioning.txt,recursive,partitioning,partition,advantages,multivariable,disadvantages,create,overfit,creates,advantage,
restricted_maximum_likelihood.txt,mixed,directive,command,1937,unbalanced,lme4,component,estimation,packages,balanced,
kullback-leibler_divergence.txt,divergence,diverge,entropy,py,bits,information,format,inform,gain,bit,
exponential_dispersion_model.txt,generalisation,persi,dispersion,natural,enables,exponential,terminology,scalar,exponent,canonical,
behrens-fisher_problem.txt,eh,solution,variances,solutions,she,problem,197,1975,75,proposed,
asymptotic_theory_(statistics).txt,asymptotic,ym,assumed,sy,framework,estimators,frame,grow,converge,asymptotics,
sensitivity_and_specificity.txt,sensitivity,specificity,correctly,healthy,negative,identified,positive,disease,health,patient,
spatial_dependence.txt,spatial,interpolation,dependence,locations,correlation,importance,gauge,geostatistics,themes,exhibits,
loss_function.txt,loss,decision,dec,rule,risk,expected,function,expect,adr,economics,
statistical_parameter.txt,index,regarded,regard,inferences,family,parameter,meter,voter,voters,destructively,
conditionality_principle.txt,conditionality,conditional,principle,1962,experiments,xh,196,condition,mixture,formally,
statistical_model.txt,b0,b1,models,adequately,20,adequate,200,mode,model,equate,
information_geometry.txt,manifold,connection,diverge,affine,divergence,tangent,geometry,tang,parallel,coordinate,
extreme_value_theory.txt,extreme,events,event,flood,tail,year,wave,disciplines,analyses,theory,
magnitude_of_completeness.txt,earthquake,earthquakes,earth,magnitude,interpreting,catalog,detected,reliably,erroneous,west,
response_surface_methodology.txt,surface,methodology,design,response,designs,sign,bic,composite,explanatory,method,
peirces_criterion.txt,outlier,outliers,criterion,online,tables,peirce,code,tp,identify,85,
edgeworth_series.txt,expansion,worth,pan,cumulant,cumulants,series,dg,density,expansions,guarantee,
decoupling_(probability).txt,couplings,decoupling,decomposition,unrelated,conditioned,composition,reduction,confused,confuse,evaluated,
statistic.txt,items,item,arithmetic,measure,sure,single,population,algorithm,differentiates,contemplate,
bias_of_an_estimator.txt,bias,biased,estimator,unbiased,corrected,minimise,expect,uncorrected,loss,median,
a_priori_probability.txt,priori,probabilities,prior,events,deductive,distinguishing,occurring,reasoning,indifference,exhaustive,
uncertainty.txt,certainty,uncertain,uncertainty,certain,scientists,scientific,lists,issue,down,losing,
ancillary_statistic.txt,ancillary,complement,batting,persi,dispersion,convey,sufficient,does,doe,observes,
errors_and_residuals.txt,residual,residuals,observable,dual,unobservable,errors,error,studentized,student,deviation,
parametric_model.txt,parametric,metric,regular,dimensional,semi,parametrize,mens,dimension,identifiable,finite,
coherence_(statistics).txt,coherence,personal,person,coherency,gambling,strategy,consistency,expressing,association,assessments,
likelihood-ratio_test.txt,null,likelihood,reject,test,hypothesis,ratio,alternative,thesis,like,nested,
berkson_error_model.txt,classical,classic,entitled,aggregated,epidemiological,attenuate,misclassification,exposure,aggregate,regressions,
model_selection.txt,election,selection,20,200,doi,candidate,36,select,criterion,2008,
semiparametric_model.txt,semiparametric,parametric,semi,dimensional,nonparametric,metric,hazard,mens,dimension,infinite,
mathematical_statistics.txt,parametric,randomized,print,experiments,success,infer,inferential,descriptive,inference,7,
principle_of_maximum_entropy.txt,py,entropy,testable,stable,constraint,constrain,rain,max,maximum,principle,
binomial_proportion_confidence_interval.txt,interval,successes,binomial,quantile,success,confidence,proportion,portion,trial,trials,
statistical_assumption.txt,assumptions,assumption,2006,06,1990,ij,90,1988,sum,200,
invariant_estimator.txt,invariant,variant,invariance,estimator,transformation,transitive,group,transform,transformations,oup,
sampling_distribution.txt,sampling,joint,placing,replacing,inference,infer,specifically,approximated,population,asymptotic,
l-statistic.txt,analogs,narrower,namely,conventional,arrow,convention,moments,combination,moment,name,
bias_(statistics).txt,bias,arises,arise,patient,rise,study,participant,due,leading,individuals,
statistical_population.txt,bp,subpopulation,subpopulations,people,populations,subset,share,population,modeled,separate,
robust_statistics.txt,outlier,outliers,speed,robust,breakdown,break,influence,down,estimator,trimmed,
shrinkage_(statistics).txt,shrinkage,meanings,effects,effect,complementary,meaning,regularize,improving,whereby,determination,
fisher_transformation.txt,bivariate,correlation,transformation,coefficient,transform,efficient,relation,pairs,pair,pai,
optimal_design.txt,optimality,designs,optimal,design,sign,criterion,experiment,experimental,experiments,experimentation,
shrinkage_estimator.txt,shrinkage,implicit,effect,improved,toward,towards,regular,proved,estimator,effects,
nuisance_parameter.txt,nuisance,presence,frequentist,analysis,parameters,meters,interest,account,joint,accounted,
